<?xml version="1.0" encoding="UTF-8"?>
<?xml-stylesheet type="text/xsl" href="presentacion.xsl"?>
<curriculum>
    <datos>
        <nombre>Juan</nombre>
        <apellidos>Ranchal Parrado</apellidos>
        <email>a21rapaju@iesgrancapitan.org</email>
        <foto>img.webp</foto>
    </datos>
    <rrss>
        <red>
            <nombre>LinkedIn</nombre>
            <enlace>https://es.linkedin.com/in/jranchal3</enlace>
            <logo>linkedin.jpg</logo>
        </red>
        <red>
            <nombre>Twitter</nombre>
            <enlace>https://twitter.com</enlace>
            <logo>twitter.jpg</logo>
        </red>
    </rrss>
    <formacion>
        <superior>Bachillerato</superior>
        <superior>CFGS ASIR</superior>
    </formacion>
    <idiomas>
        <ingles>
            <oral>B2</oral>
            <escritura>C1</escritura>
            <comprension>C1</comprension>
        </ingles>
    </idiomas>
    <experiencia>
        <trabajo fechainicio="02/04/2016" fechafinal="23/10/2017">Delantero del Barça</trabajo>
        <trabajo fechainicio="02/04/2018" fechafinal="23/10/2019">Portero de Real Madrid</trabajo>
    </experiencia>
</curriculum>